representation,target,alpha,fit_intercept,real_val_MAE,stress_val_MAE,selection_score
A_SOLUTION,score_completeness,100.0,True,11.312260072622726,16.99569214714898,13.585632902433227
A_SOLUTION,score_completeness,31.622776601683793,True,12.195296216366897,15.683057573106554,13.59040075906276
A_SOLUTION,score_completeness,316.22776601683796,True,10.549954884087862,18.23900095621745,13.625573312939697
A_SOLUTION,score_completeness,10.0,True,12.910043915705895,14.709430694580078,13.629798627255568
A_SOLUTION,score_completeness,1000.0,True,10.168465742424353,18.91775131225586,13.668179970356956
A_SOLUTION,score_completeness,3.1622776601683795,True,14.091093433437063,15.077696270412869,14.485734568227386
A_SOLUTION,score_completeness,1.0,True,15.92995213750583,16.523568471272785,16.167398671012613
A_SOLUTION,score_completeness,0.31622776601683794,True,18.067061580828767,17.230661816067165,17.732501674924126
A_SOLUTION,score_completeness,0.1,True,19.91453745827746,17.769792132907444,19.056639328129457
A_SOLUTION,score_completeness,0.03162277660168379,True,21.25516760527198,18.027095370822483,19.96393871149218
A_SOLUTION,score_completeness,0.01,True,22.16176844354886,18.043625089857315,20.51451110207224
A_SOLUTION,score_completeness,0.0031622776601683794,True,22.57665343782795,18.046130498250324,20.7644442619969
A_SOLUTION,score_completeness,0.001,True,22.689000713291453,18.05293909708659,20.834576066809507
A_SOLUTION,score_completeness,0.001,False,49.129952188748035,54.160440868801544,51.14214766076944
A_SOLUTION,score_completeness,0.0031622776601683794,False,49.14309914432355,54.16805055406358,51.153079708219565
A_SOLUTION,score_completeness,0.01,False,49.18421520403962,54.19176928202311,51.187236835233016
A_SOLUTION,score_completeness,0.03162277660168379,False,49.309755040638485,54.26335038079156,51.291193176699714
A_SOLUTION,score_completeness,0.1,False,49.64659978382623,54.454224268595375,51.569649577733884
A_SOLUTION,score_completeness,0.31622776601683794,False,50.762551108402995,54.99025387234158,52.45363221397843
A_SOLUTION,score_completeness,1.0,False,52.821270956921936,55.62622197469076,53.943251364029464
A_SOLUTION,score_completeness,3.1622776601683795,False,55.09560183624723,56.021817949083115,55.46608828138159
A_SOLUTION,score_completeness,10.0,False,56.716471088466356,56.40610800849067,56.59232585647608
A_SOLUTION,score_completeness,31.622776601683793,False,57.79137201451544,57.05017320315043,57.49489248996944
A_SOLUTION,score_completeness,100.0,False,58.581683815415225,57.05555555555556,57.97123251147136
A_SOLUTION,score_completeness,316.22776601683796,False,59.17805834670565,57.05555555555556,58.32905723024561
A_SOLUTION,score_completeness,1000.0,False,59.96339292134812,56.98498935169644,58.77203149348745
A_SOLUTION,score_effectiveness,1000.0,True,10.24526578988602,22.44827100965712,15.126467877794461
A_SOLUTION,score_effectiveness,316.22776601683796,True,11.341919799349201,21.293341954549152,15.322488661429183
A_SOLUTION,score_effectiveness,100.0,True,12.017013065850557,21.440165943569607,15.786274216938176
A_SOLUTION,score_effectiveness,31.622776601683793,True,12.487694953804585,22.19676250881619,16.371321975809224
A_SOLUTION,score_effectiveness,10.0,True,13.465072517964378,23.05487272474501,17.30099260067663
A_SOLUTION,score_effectiveness,3.1622776601683795,True,14.784148856775085,23.295324325561523,18.18861904428966
A_SOLUTION,score_effectiveness,1.0,True,16.38386404692237,21.541161325242783,18.446782958250534
A_SOLUTION,score_effectiveness,0.31622776601683794,True,18.333727537696042,19.640022701687283,18.85624560329254
A_SOLUTION,score_effectiveness,0.1,True,20.79976249808696,21.261552386813694,20.98447845357765
A_SOLUTION,score_effectiveness,0.03162277660168379,True,22.314315625091098,22.12578370836046,22.238902858398845
A_SOLUTION,score_effectiveness,0.01,True,23.324939443104302,22.455792744954426,22.97728076384435
A_SOLUTION,score_effectiveness,0.0031622776601683794,True,23.709235461790172,22.695382648044163,23.30369433629177
A_SOLUTION,score_effectiveness,0.001,True,23.824606938148612,22.737346649169922,23.389702822557137
A_SOLUTION,score_effectiveness,0.001,False,43.513573860054585,34.211825900607636,39.7928746762758
A_SOLUTION,score_effectiveness,0.0031622776601683794,False,43.54514597423041,34.21348423428006,39.81248127825027
A_SOLUTION,score_effectiveness,0.01,False,43.64099690451551,34.218613942464195,39.872043719694986
A_SOLUTION,score_effectiveness,0.03162277660168379,False,43.947661243267916,34.58388434516059,40.20215048402498
A_SOLUTION,score_effectiveness,0.1,False,44.733170694379666,34.961479398939346,40.82449417620354
A_SOLUTION,score_effectiveness,0.31622776601683794,False,46.097876591468925,36.10117636786567,42.099196502027624
A_SOLUTION,score_effectiveness,1.0,False,46.873929792375705,37.26984172397189,43.03229456501418
A_SOLUTION,score_effectiveness,3.1622776601683795,False,48.41854105422746,38.42368666330973,44.42059929786036
A_SOLUTION,score_effectiveness,10.0,False,49.62551399487168,39.30611779954698,45.497755516741805
A_SOLUTION,score_effectiveness,31.622776601683793,False,50.40985463982198,40.10743575625949,46.28888708639698
A_SOLUTION,score_effectiveness,100.0,False,51.38601107383842,40.60234859254625,47.07254608132155
A_SOLUTION,score_effectiveness,316.22776601683796,False,52.24506040473482,40.69558940993415,47.625272006814555
A_SOLUTION,score_effectiveness,1000.0,False,53.3587456710303,40.30725868542989,48.138150876790135
A_SOLUTION,score_factchecking,1000.0,True,6.594616562572877,20.879809697469074,12.308693816531356
A_SOLUTION,score_factchecking,316.22776601683796,True,7.591497962154559,20.368727578057182,12.702389808515608
A_SOLUTION,score_factchecking,100.0,True,8.627249874285798,19.48437542385525,12.97010009411358
A_SOLUTION,score_factchecking,31.622776601683793,True,9.686081274231867,18.385950300428604,13.166028884710562
A_SOLUTION,score_factchecking,10.0,True,10.981529691326084,17.986219618055557,13.783405662017874
A_SOLUTION,score_factchecking,3.1622776601683795,True,12.547524523379197,17.76790788438585,14.635677867781858
A_SOLUTION,score_factchecking,1.0,True,13.695194016641645,17.497539520263672,15.216132218090456
A_SOLUTION,score_factchecking,0.31622776601683794,True,15.235767136758833,17.422211752997505,16.1103449832543
A_SOLUTION,score_factchecking,0.1,True,17.067575255436683,18.23411708407932,17.534191986893738
A_SOLUTION,score_factchecking,0.03162277660168379,True,18.367385807322034,19.743950102064346,18.918011525218958
A_SOLUTION,score_factchecking,0.01,True,18.944034918030695,21.006024890475803,19.76883090700874
A_SOLUTION,score_factchecking,0.0031622776601683794,True,19.183353139393365,21.402386983235676,20.07096667693029
A_SOLUTION,score_factchecking,0.001,True,19.275765205497173,21.522963417900932,20.174644490458675
A_SOLUTION,score_factchecking,0.001,False,64.58245183460748,59.854454040527344,62.69125271697543
A_SOLUTION,score_factchecking,0.0031622776601683794,False,64.6188430216775,59.90586132473416,62.73365034290016
A_SOLUTION,score_factchecking,0.01,False,65.03487945670513,60.52302127414279,63.230136183680195
A_SOLUTION,score_factchecking,0.03162277660168379,False,65.35085171372143,60.981114069620766,63.60295665608116
A_SOLUTION,score_factchecking,0.1,False,66.55003396788639,62.00774150424533,64.73311698242996
A_SOLUTION,score_factchecking,0.31622776601683794,False,68.43935219209585,65.20827950371637,67.14692311674406
A_SOLUTION,score_factchecking,1.0,False,71.1982682356194,67.5194803873698,69.72675309631956
A_SOLUTION,score_factchecking,3.1622776601683795,False,74.34666820070636,68.67079152001276,72.07631752842892
A_SOLUTION,score_factchecking,10.0,False,76.82301343376957,69.32854864332411,73.82522751759139
A_SOLUTION,score_factchecking,31.622776601683793,False,78.46265846935671,69.72222222222223,74.96648397050292
A_SOLUTION,score_factchecking,100.0,False,79.90266474681114,69.72222222222223,75.83048773697558
A_SOLUTION,score_factchecking,316.22776601683796,False,80.95938409976105,69.72166040208604,76.46429462069105
A_SOLUTION,score_factchecking,1000.0,False,82.11979284927027,69.22354054450989,76.96129192736612
A_SOLUTION,score_logic,1000.0,True,5.998249338633978,17.11562262641059,10.445198653744622
A_SOLUTION,score_logic,316.22776601683796,True,7.126277183418844,16.199165132310654,10.755432362975569
A_SOLUTION,score_logic,100.0,True,8.342218598323083,16.06280411614312,11.430452805451097
A_SOLUTION,score_logic,31.622776601683793,True,9.55769803630772,16.638996124267578,12.390217271491665
A_SOLUTION,score_logic,10.0,True,10.723248268241313,17.728375540839302,13.525299177280509
A_SOLUTION,score_logic,3.1622776601683795,True,11.732796740176072,18.036360634697807,14.254222297984766
A_SOLUTION,score_logic,1.0,True,12.589455675722947,16.86912621392144,14.301323891002344
A_SOLUTION,score_logic,0.31622776601683794,True,14.470480449164091,15.837935977511936,15.017462660503227
A_SOLUTION,score_logic,0.1,True,16.464539599062793,16.218006981743706,16.365926552135157
A_SOLUTION,score_logic,0.03162277660168379,True,17.68333042201711,17.219606399536133,17.49784081302472
A_SOLUTION,score_logic,0.01,True,18.18402076835063,17.72025129530165,17.99851297913104
A_SOLUTION,score_logic,0.0031622776601683794,True,18.328885946700822,17.8837153116862,18.15081769269497
A_SOLUTION,score_logic,0.001,True,18.38058243936567,17.936763975355362,18.20305505376155
A_SOLUTION,score_logic,0.001,False,56.04945942892957,57.1034181382921,56.471042912674584
A_SOLUTION,score_logic,0.0031622776601683794,False,56.06199133574073,57.12137540181478,56.48574496217035
A_SOLUTION,score_logic,0.01,False,56.101187264741355,57.17748790317111,56.53170752011326
A_SOLUTION,score_logic,0.03162277660168379,False,56.219126829460485,57.348561180962456,56.67090057006128
A_SOLUTION,score_logic,0.1,False,56.559439644884705,58.265511406792534,57.24186834964784
A_SOLUTION,score_logic,0.31622776601683794,False,57.51957918992683,58.78706317477756,58.026572783867124
A_SOLUTION,score_logic,1.0,False,59.251460687438055,59.32658365037706,59.28150987261366
A_SOLUTION,score_logic,3.1622776601683795,False,60.386473399489674,60.151722484164765,60.29257303335971
A_SOLUTION,score_logic,10.0,False,61.325507249405135,61.17432742648654,61.2650353202377
A_SOLUTION,score_logic,31.622776601683793,False,62.2270743668969,61.79418479071723,62.05391853642503
A_SOLUTION,score_logic,100.0,False,63.29213016424606,62.248675929175484,62.874748470217824
A_SOLUTION,score_logic,316.22776601683796,False,63.972827946961814,62.405125776926674,63.34574707894776
A_SOLUTION,score_logic,1000.0,False,65.17926093357713,62.16018870141771,63.97163204071336
A_SOLUTION,score_originality,1000.0,True,9.020491301123776,11.924648920694986,10.18215434895226
A_SOLUTION,score_originality,316.22776601683796,True,9.566143035888672,12.069982528686523,10.567678833007813
A_SOLUTION,score_originality,100.0,True,10.151349537408175,12.623804304334852,11.140331444178846
A_SOLUTION,score_originality,31.622776601683793,True,10.824515442350018,13.462379455566406,11.879661047636574
A_SOLUTION,score_originality,10.0,True,11.464373460456507,14.225266774495443,12.56873078607208
A_SOLUTION,score_originality,3.1622776601683795,True,11.724152977786847,14.552648332383898,12.855551119625668
A_SOLUTION,score_originality,1.0,True,12.157597328299907,14.792954762776693,13.211740302090622
A_SOLUTION,score_originality,0.31622776601683794,True,12.946771650171991,15.92934481302897,14.139800915314783
A_SOLUTION,score_originality,0.1,True,14.570629347616167,18.224247614542644,16.03207665438676
A_SOLUTION,score_originality,0.03162277660168379,True,16.102250853581214,19.80328369140625,17.58266398871123
A_SOLUTION,score_originality,0.01,True,17.0719531614389,20.711531109280056,18.527784340575362
A_SOLUTION,score_originality,0.0031622776601683794,True,17.398043561337598,21.01807191636827,18.846054903349867
A_SOLUTION,score_originality,0.001,True,17.528445514280406,21.11629973517524,18.96358720263834
A_SOLUTION,score_originality,0.01,False,47.72987038341921,46.934902615017364,47.411883276058475
A_SOLUTION,score_originality,0.03162277660168379,False,47.744322022395345,47.032189263237846,47.45946891873234
A_SOLUTION,score_originality,0.001,False,47.900595935422984,46.89248911539713,47.497353207412644
A_SOLUTION,score_originality,0.0031622776601683794,False,47.896643681312675,46.90290747748481,47.49914919978153
A_SOLUTION,score_originality,0.1,False,47.83439687472671,47.33669238620334,47.63531507931736
A_SOLUTION,score_originality,0.31622776601683794,False,48.396048702410795,48.01990996466743,48.24559320731345
A_SOLUTION,score_originality,1.0,False,50.097955504460124,47.51745234595405,49.06575424105769
A_SOLUTION,score_originality,3.1622776601683795,False,51.88770844331428,47.0542000664605,49.95430509257277
A_SOLUTION,score_originality,10.0,False,53.20208830619926,47.24999713897705,50.82125183931038
A_SOLUTION,score_originality,31.622776601683793,False,54.57898338517146,47.69696595933702,51.82617641483768
A_SOLUTION,score_originality,100.0,False,56.11750262886731,48.25306908289591,52.97172921047874
A_SOLUTION,score_originality,316.22776601683796,False,57.367736791496846,48.44444444444444,53.798419852675885
A_SOLUTION,score_originality,1000.0,False,58.342448970275136,48.44444444444444,54.38324715994286
B_FULL_INTERACTIONS,score_completeness,316.22776601683796,True,10.673717612650856,15.415721681382921,12.570519240143682
B_FULL_INTERACTIONS,score_completeness,1000.0,True,9.714752425008745,17.75847668117947,12.932242127477036
B_FULL_INTERACTIONS,score_completeness,100.0,True,11.874313240620628,14.78468386332194,13.038461489701152
B_FULL_INTERACTIONS,score_completeness,31.622776601683793,True,13.076053334705865,17.582780202229817,14.878744081715446
B_FULL_INTERACTIONS,score_completeness,10.0,True,13.717561067040286,19.3319697909885,15.963324556619572
B_FULL_INTERACTIONS,score_completeness,3.1622776601683795,True,14.066543294422662,20.121365441216362,16.48847215314014
B_FULL_INTERACTIONS,score_completeness,1.0,True,14.195510237964232,20.40664439731174,16.679963901703236
B_FULL_INTERACTIONS,score_completeness,0.31622776601683794,True,14.237484149078824,20.49932649400499,16.74222108704929
B_FULL_INTERACTIONS,score_completeness,0.1,True,14.251789149953359,20.530163023206924,16.763138699254785
B_FULL_INTERACTIONS,score_completeness,0.03162277660168379,True,14.250925092554803,20.53754891289605,16.765574620691304
B_FULL_INTERACTIONS,score_completeness,0.01,True,14.297466562755073,20.483035193549263,16.771694015072747
B_FULL_INTERACTIONS,score_completeness,0.001,True,14.309663174757317,20.472646713256836,16.774856590157125
B_FULL_INTERACTIONS,score_completeness,0.0031622776601683794,True,14.300769748972423,20.495343950059677,16.778599429407326
B_FULL_INTERACTIONS,score_completeness,0.001,False,56.01502017832514,56.082443714141846,56.04198959265182
B_FULL_INTERACTIONS,score_completeness,0.0031622776601683794,False,56.01511733923385,56.08246980773078,56.04205832663262
B_FULL_INTERACTIONS,score_completeness,0.01,False,56.01543120483854,56.082552909851074,56.04227988684355
B_FULL_INTERACTIONS,score_completeness,0.03162277660168379,False,56.01641439323995,56.0828144285414,56.04297440736053
B_FULL_INTERACTIONS,score_completeness,0.1,False,56.019526389107774,56.083640336990356,56.04517196826081
B_FULL_INTERACTIONS,score_completeness,0.31622776601683794,False,56.02933687238551,56.08624450365702,56.052099924894115
B_FULL_INTERACTIONS,score_completeness,1.0,False,56.06005413852521,56.09440676371256,56.07379518860015
B_FULL_INTERACTIONS,score_completeness,3.1622776601683795,False,56.15426703353426,56.1195076306661,56.14036327238699
B_FULL_INTERACTIONS,score_completeness,10.0,False,56.564274553042736,56.168697860505844,56.40604387602798
B_FULL_INTERACTIONS,score_completeness,31.622776601683793,False,57.12166502226645,56.377249770694306,56.82389892163759
B_FULL_INTERACTIONS,score_completeness,100.0,False,57.984183261643594,56.52404628859626,57.40012847242466
B_FULL_INTERACTIONS,score_completeness,316.22776601683796,False,59.0273305195481,56.236542304356895,57.91101523347162
B_FULL_INTERACTIONS,score_completeness,1000.0,False,60.35876721766458,55.58754195107354,58.450277111028164
B_FULL_INTERACTIONS,score_effectiveness,1000.0,True,9.992699238791394,23.261707305908203,15.300302465638119
B_FULL_INTERACTIONS,score_effectiveness,316.22776601683796,True,11.699834652801059,22.688308080037434,16.095224023695607
B_FULL_INTERACTIONS,score_effectiveness,100.0,True,13.403368366298391,21.97817717658149,16.83329189041163
B_FULL_INTERACTIONS,score_effectiveness,31.622776601683793,True,14.906293498935984,20.894659254286026,17.301639801076
B_FULL_INTERACTIONS,score_effectiveness,10.0,True,15.88711932168078,19.981014251708984,17.52467729369206
B_FULL_INTERACTIONS,score_effectiveness,3.1622776601683795,True,16.379603314755567,19.55840513441298,17.65112404261853
B_FULL_INTERACTIONS,score_effectiveness,0.0031622776601683794,True,16.573460564684513,19.37444019317627,17.693852416081217
B_FULL_INTERACTIONS,score_effectiveness,0.001,True,16.57365502884139,19.374283896552193,17.69390657592571
B_FULL_INTERACTIONS,score_effectiveness,1.0,True,16.57355311379504,19.399642944335938,17.7039890460114
B_FULL_INTERACTIONS,score_effectiveness,0.01,True,16.59530124379628,19.368894153171116,17.704738407546213
B_FULL_INTERACTIONS,score_effectiveness,0.31622776601683794,True,16.63708564416686,19.348438686794704,17.721626861218
B_FULL_INTERACTIONS,score_effectiveness,0.03162277660168379,True,16.652565002441406,19.332521438598633,17.724547576904296
B_FULL_INTERACTIONS,score_effectiveness,0.1,True,16.657739696218005,19.331390698750813,17.727200097231126
B_FULL_INTERACTIONS,score_effectiveness,0.001,False,49.754024953984505,37.26549789640639,44.758614130953255
B_FULL_INTERACTIONS,score_effectiveness,0.0031622776601683794,False,49.754072395723256,37.26554958025614,44.75866326953641
B_FULL_INTERACTIONS,score_effectiveness,0.01,False,49.75421825807486,37.26571697658963,44.75881774548077
B_FULL_INTERACTIONS,score_effectiveness,0.03162277660168379,False,49.75467946636143,37.26624629232619,44.75930619674733
B_FULL_INTERACTIONS,score_effectiveness,0.1,False,49.756136210996715,37.26791657341851,44.76084835596543
B_FULL_INTERACTIONS,score_effectiveness,0.31622776601683794,False,49.76071164145399,37.27316710684035,44.76569382760853
B_FULL_INTERACTIONS,score_effectiveness,1.0,False,49.77486018992182,37.28944330745273,44.780693436934186
B_FULL_INTERACTIONS,score_effectiveness,3.1622776601683795,False,49.81657993971412,37.33789451917013,44.825105771496524
B_FULL_INTERACTIONS,score_effectiveness,10.0,False,49.956158922679386,37.46057854758369,44.95792677264111
B_FULL_INTERACTIONS,score_effectiveness,31.622776601683793,False,50.134635405753976,37.7181007332272,45.16802153674327
B_FULL_INTERACTIONS,score_effectiveness,100.0,False,50.61878094744326,37.80720705456204,45.494151390290774
B_FULL_INTERACTIONS,score_effectiveness,316.22776601683796,False,51.66679301546581,37.5382973353068,46.015394743402204
B_FULL_INTERACTIONS,score_effectiveness,1000.0,False,53.26046998554201,37.64573134316338,47.01457452859056
B_FULL_INTERACTIONS,score_factchecking,1000.0,True,8.19205042141587,22.56389914618598,13.940789911323915
B_FULL_INTERACTIONS,score_factchecking,316.22776601683796,True,10.040442851052356,22.784392250908745,15.138022610994913
B_FULL_INTERACTIONS,score_factchecking,100.0,True,12.390101760181029,23.206961737738716,16.716845751204104
B_FULL_INTERACTIONS,score_factchecking,31.622776601683793,True,14.43517451499825,23.83513726128472,18.19515961351284
B_FULL_INTERACTIONS,score_factchecking,10.0,True,15.664534042130656,24.01365068223741,19.004180698173357
B_FULL_INTERACTIONS,score_factchecking,3.1622776601683795,True,16.169392144502098,24.293920516967773,19.419203493488368
B_FULL_INTERACTIONS,score_factchecking,1.0,True,16.334231305478223,24.42254066467285,19.569555049156072
B_FULL_INTERACTIONS,score_factchecking,0.31622776601683794,True,16.386737026385408,24.464850743611652,19.617982513275905
B_FULL_INTERACTIONS,score_factchecking,0.1,True,16.40244412778029,24.478450775146484,19.632846786726766
B_FULL_INTERACTIONS,score_factchecking,0.03162277660168379,True,16.41312152236255,24.48564889695909,19.64213247220117
B_FULL_INTERACTIONS,score_factchecking,0.01,True,16.465785240059468,24.501210106743706,19.679955186733164
B_FULL_INTERACTIONS,score_factchecking,0.001,True,16.480946099580223,24.48236592610677,19.68151403019084
B_FULL_INTERACTIONS,score_factchecking,0.0031622776601683794,True,16.48051594976169,24.48699294196235,19.683106746641954
B_FULL_INTERACTIONS,score_factchecking,0.001,False,78.16917092764555,69.42832724253337,74.67283345360067
B_FULL_INTERACTIONS,score_factchecking,0.0031622776601683794,False,78.16923250369172,69.4282881418864,74.67285475896959
B_FULL_INTERACTIONS,score_factchecking,0.01,False,78.16942712442199,69.42816077338324,74.67292058400649
B_FULL_INTERACTIONS,score_factchecking,0.03162277660168379,False,78.17003533377576,69.42776023017035,74.6731252923336
B_FULL_INTERACTIONS,score_factchecking,0.1,False,78.17196176301188,69.42649459838867,74.6737748971626
B_FULL_INTERACTIONS,score_factchecking,0.31622776601683794,False,78.17805424021252,69.42250548468695,74.6758347380023
B_FULL_INTERACTIONS,score_factchecking,1.0,False,78.19722724316725,69.41003131866455,74.68234887336618
B_FULL_INTERACTIONS,score_factchecking,3.1622776601683795,False,78.25527897165783,69.37192387051053,74.70193693119892
B_FULL_INTERACTIONS,score_factchecking,10.0,False,78.40276591457538,69.2633023791843,74.74698050041894
B_FULL_INTERACTIONS,score_factchecking,31.622776601683793,False,78.7521635596432,69.01114686330159,74.85575688110656
B_FULL_INTERACTIONS,score_factchecking,100.0,False,79.37099420846398,68.70693646536932,75.10537111122612
B_FULL_INTERACTIONS,score_factchecking,316.22776601683796,False,80.84630179761061,68.83548614713881,76.04197553742188
B_FULL_INTERACTIONS,score_factchecking,1000.0,False,82.57818062091941,68.74778509140015,77.04602240911171
B_FULL_INTERACTIONS,score_logic,1000.0,True,6.635486318104303,16.646462122599285,10.639876639902296
B_FULL_INTERACTIONS,score_logic,316.22776601683796,True,8.650672514047196,16.07445738050673,11.62018646063101
B_FULL_INTERACTIONS,score_logic,100.0,True,10.723061120332178,15.497895982530382,12.63299506521146
B_FULL_INTERACTIONS,score_logic,31.622776601683793,True,12.155532438363602,15.28215832180447,13.40618279173995
B_FULL_INTERACTIONS,score_logic,10.0,True,13.013435990063112,15.80139414469401,14.12861925191547
B_FULL_INTERACTIONS,score_logic,3.1622776601683795,True,13.396801962781309,16.081336127387154,14.470615628623646
B_FULL_INTERACTIONS,score_logic,1.0,True,13.540798301127419,16.18225203620063,14.597379795156701
B_FULL_INTERACTIONS,score_logic,0.31622776601683794,True,13.593450119246297,16.21634398566352,14.642607665813186
B_FULL_INTERACTIONS,score_logic,0.1,True,13.609753566001778,16.225754419962566,14.656153907586093
B_FULL_INTERACTIONS,score_logic,0.03162277660168379,True,13.615976532893395,16.242129431830513,14.666437692468243
B_FULL_INTERACTIONS,score_logic,0.0031622776601683794,True,13.624991630440327,16.23491562737359,14.668961229213632
B_FULL_INTERACTIONS,score_logic,0.001,True,13.625166138606286,16.235029432508682,14.669111456167244
B_FULL_INTERACTIONS,score_logic,0.01,True,13.615537728836287,16.25641547309028,14.671888826537884
B_FULL_INTERACTIONS,score_logic,0.001,False,59.810301474670865,60.73832138379415,60.181509438320184
B_FULL_INTERACTIONS,score_logic,0.0031622776601683794,False,59.81046327192392,60.738340059916176,60.18161398712082
B_FULL_INTERACTIONS,score_logic,0.01,False,59.81097667608688,60.738398763868545,60.181945511199544
B_FULL_INTERACTIONS,score_logic,0.03162277660168379,False,59.812602021800934,60.738584677378334,60.182995084031894
B_FULL_INTERACTIONS,score_logic,0.1,False,59.81773135199476,60.73917078971863,60.186307127084305
B_FULL_INTERACTIONS,score_logic,0.31622776601683794,False,59.83388826740322,60.74101522233751,60.19673904937693
B_FULL_INTERACTIONS,score_logic,1.0,False,59.88436562979399,60.74674548043145,60.22931757004897
B_FULL_INTERACTIONS,score_logic,3.1622776601683795,False,60.03809078415828,60.76388817363315,60.32840973994823
B_FULL_INTERACTIONS,score_logic,10.0,False,60.48267367348742,60.809088203642105,60.61323948554929
B_FULL_INTERACTIONS,score_logic,31.622776601683793,False,61.36058770008941,60.812909285227455,61.141516334144626
B_FULL_INTERACTIONS,score_logic,100.0,False,62.74328559903956,60.61217302746243,61.890840570408706
B_FULL_INTERACTIONS,score_logic,316.22776601683796,False,64.28743242327846,60.140645848380196,62.628717793319154
B_FULL_INTERACTIONS,score_logic,1000.0,False,65.9294614044588,59.97724046972063,63.54857303056354
B_FULL_INTERACTIONS,score_originality,1000.0,True,8.407153229215252,11.589860916137695,9.68023630398423
B_FULL_INTERACTIONS,score_originality,316.22776601683796,True,9.354171183571887,12.160883585611979,10.476856144387924
B_FULL_INTERACTIONS,score_originality,100.0,True,11.131582003920826,13.39892684088813,12.038519938707747
B_FULL_INTERACTIONS,score_originality,31.622776601683793,True,12.730070199539412,14.788408703274197,13.553405601033326
B_FULL_INTERACTIONS,score_originality,10.0,True,13.70098193723764,15.502148310343424,14.421448486479953
B_FULL_INTERACTIONS,score_originality,3.1622776601683795,True,14.090959121931844,15.851427714029947,14.795146558771087
B_FULL_INTERACTIONS,score_originality,1.0,True,14.225260748792051,15.996112187703451,14.933601324356612
B_FULL_INTERACTIONS,score_originality,0.31622776601683794,True,14.268497780187806,16.045483695136177,14.979292146167154
B_FULL_INTERACTIONS,score_originality,0.1,True,14.281727862002244,16.062044885423447,14.993854671370725
B_FULL_INTERACTIONS,score_originality,0.03162277660168379,True,14.287954785930577,16.07015789879693,15.000836031077117
B_FULL_INTERACTIONS,score_originality,0.01,True,14.30964458522512,16.1009332868788,15.026160065886591
B_FULL_INTERACTIONS,score_originality,0.0031622776601683794,True,14.320379257202148,16.122778574625652,15.04133898417155
B_FULL_INTERACTIONS,score_originality,0.001,True,14.323401892363135,16.13059361775716,15.046278582520745
B_FULL_INTERACTIONS,score_originality,0.001,False,54.73538069938546,46.57602055867513,51.47163664310132
B_FULL_INTERACTIONS,score_originality,0.0031622776601683794,False,54.73547340862787,46.576062732272675,51.47170913808579
B_FULL_INTERACTIONS,score_originality,0.01,False,54.735761749210646,46.57619709438748,51.471935887281376
B_FULL_INTERACTIONS,score_originality,0.03162277660168379,False,54.736678062979855,46.576621797349716,51.4726555567278
B_FULL_INTERACTIONS,score_originality,0.1,False,54.73957136851638,46.5779603322347,51.474926954003706
B_FULL_INTERACTIONS,score_originality,0.31622776601683794,False,54.74869348042047,46.582180447048614,51.48208826707173
B_FULL_INTERACTIONS,score_originality,1.0,False,54.77727361935288,46.59538438585069,51.504517925952
B_FULL_INTERACTIONS,score_originality,3.1622776601683795,False,54.865047109660814,46.635781394110786,51.5733408234408
B_FULL_INTERACTIONS,score_originality,10.0,False,55.11888119711805,46.74675199720595,51.770029517153205
B_FULL_INTERACTIONS,score_originality,31.622776601683793,False,55.6014192780452,47.038297759162056,52.17617067049194
B_FULL_INTERACTIONS,score_originality,100.0,False,56.45623953662702,47.51840188768175,52.88110447704891
B_FULL_INTERACTIONS,score_originality,316.22776601683796,False,57.75906198416183,48.033365117179024,53.8687832373687
B_FULL_INTERACTIONS,score_originality,1000.0,False,59.31536513655933,48.43054445584615,54.96143686427406
C_SOLUTION_HANDCRAFTED,score_completeness,31.622776601683793,True,8.898503944055358,14.448508368598091,11.118505713872452
C_SOLUTION_HANDCRAFTED,score_completeness,100.0,True,8.381051419386223,15.937631607055664,11.403683494454
C_SOLUTION_HANDCRAFTED,score_completeness,10.0,True,10.216115695327076,13.250493579440647,11.429866848972505
C_SOLUTION_HANDCRAFTED,score_completeness,316.22776601683796,True,7.633195620864185,17.496903949313694,11.578678952243989
C_SOLUTION_HANDCRAFTED,score_completeness,1000.0,True,7.300805163027635,18.567521625094944,11.80749174785456
C_SOLUTION_HANDCRAFTED,score_completeness,3.1622776601683795,True,12.520294417196245,13.128684997558594,12.763650649341184
C_SOLUTION_HANDCRAFTED,score_completeness,1.0,True,15.16187929751268,15.08442242940267,15.130896550268677
C_SOLUTION_HANDCRAFTED,score_completeness,0.31622776601683794,True,17.20722767844129,16.78647910224067,17.03892824796104
C_SOLUTION_HANDCRAFTED,score_completeness,0.1,True,17.742497572258337,17.071477042304146,17.47408936027666
C_SOLUTION_HANDCRAFTED,score_completeness,0.03162277660168379,True,17.87494517084378,17.05997149149577,17.548955699104575
C_SOLUTION_HANDCRAFTED,score_completeness,0.01,True,18.04768343114141,17.183834287855362,17.70214377382699
C_SOLUTION_HANDCRAFTED,score_completeness,0.0031622776601683794,True,18.197526561680125,17.22341028849284,17.80788005240521
C_SOLUTION_HANDCRAFTED,score_completeness,0.001,True,18.2284870432384,17.234451293945312,17.830872743521162
C_SOLUTION_HANDCRAFTED,score_completeness,0.001,False,47.45591737974936,55.49069913228353,50.66983008076303
C_SOLUTION_HANDCRAFTED,score_completeness,0.0031622776601683794,False,47.4714273908245,55.494485431247284,50.680650606993616
C_SOLUTION_HANDCRAFTED,score_completeness,0.01,False,47.518967801955206,55.506325827704536,50.71391101225494
C_SOLUTION_HANDCRAFTED,score_completeness,0.03162277660168379,False,47.66022185558703,55.54240205552843,50.81309393556359
C_SOLUTION_HANDCRAFTED,score_completeness,0.1,False,48.44688972074594,55.68346065945096,51.34151809622795
C_SOLUTION_HANDCRAFTED,score_completeness,0.31622776601683794,False,49.044813917643985,55.91318819257948,51.79216362761818
C_SOLUTION_HANDCRAFTED,score_completeness,1.0,False,50.1031581065548,56.33429145812988,52.59561144718484
C_SOLUTION_HANDCRAFTED,score_completeness,3.1622776601683795,False,52.198464143632066,56.88805205292172,54.07429930734793
C_SOLUTION_HANDCRAFTED,score_completeness,10.0,False,53.7651013260457,57.05555555555556,55.08128301784964
C_SOLUTION_HANDCRAFTED,score_completeness,31.622776601683793,False,54.775305051412154,57.05555555555556,55.687405253069514
C_SOLUTION_HANDCRAFTED,score_completeness,100.0,False,55.71755788130547,57.05555555555556,56.2527569510055
C_SOLUTION_HANDCRAFTED,score_completeness,316.22776601683796,False,56.63775138000944,57.05555555555556,56.80487305022788
C_SOLUTION_HANDCRAFTED,score_completeness,1000.0,False,57.88618342378246,57.05555555555556,57.5539322764917
C_SOLUTION_HANDCRAFTED,score_effectiveness,1000.0,True,8.366766232163158,22.657404793633354,14.083021656751235
C_SOLUTION_HANDCRAFTED,score_effectiveness,316.22776601683796,True,9.38099454054192,21.365705702039932,14.174879005141126
C_SOLUTION_HANDCRAFTED,score_effectiveness,100.0,True,10.012046728561174,21.606231689453125,14.649720712917954
C_SOLUTION_HANDCRAFTED,score_effectiveness,31.622776601683793,True,10.561975906144328,22.603672875298393,15.378654693805956
C_SOLUTION_HANDCRAFTED,score_effectiveness,10.0,True,11.45324800975287,23.813601599799263,16.397389445771427
C_SOLUTION_HANDCRAFTED,score_effectiveness,3.1622776601683795,True,13.021861062121035,23.82059754265679,17.341355654335338
C_SOLUTION_HANDCRAFTED,score_effectiveness,1.0,True,15.81753895887688,21.75680160522461,18.19324401741597
C_SOLUTION_HANDCRAFTED,score_effectiveness,0.31622776601683794,True,19.20284510370511,19.42352188958062,19.291115818055314
C_SOLUTION_HANDCRAFTED,score_effectiveness,0.1,True,22.53896084116466,18.589505195617676,20.959178582945867
C_SOLUTION_HANDCRAFTED,score_effectiveness,0.03162277660168379,True,24.678391470837948,19.14811897277832,22.466282471614097
C_SOLUTION_HANDCRAFTED,score_effectiveness,0.01,True,25.70200046140756,19.10442352294922,23.062969686024225
C_SOLUTION_HANDCRAFTED,score_effectiveness,0.0031622776601683794,True,26.031928788370163,19.09237798055013,23.25610846524215
C_SOLUTION_HANDCRAFTED,score_effectiveness,0.001,True,26.138578870403233,19.094317330254448,23.32087425434372
C_SOLUTION_HANDCRAFTED,score_effectiveness,0.001,False,41.541716794469465,33.77400713496738,38.43463293066863
C_SOLUTION_HANDCRAFTED,score_effectiveness,0.0031622776601683794,False,41.541105208112235,33.79828725920783,38.443978028550475
C_SOLUTION_HANDCRAFTED,score_effectiveness,0.01,False,41.53919283489683,33.873905658721924,38.473077964426864
C_SOLUTION_HANDCRAFTED,score_effectiveness,0.03162277660168379,False,41.51483115153526,34.10212813483344,38.54974994485453
C_SOLUTION_HANDCRAFTED,score_effectiveness,0.1,False,41.391509070325256,35.14001977443695,38.890913351969935
C_SOLUTION_HANDCRAFTED,score_effectiveness,0.31622776601683794,False,42.094963920650194,36.20913365152147,39.74063181299871
C_SOLUTION_HANDCRAFTED,score_effectiveness,1.0,False,42.899266737610546,38.05371454026964,40.96104585867418
C_SOLUTION_HANDCRAFTED,score_effectiveness,3.1622776601683795,False,44.08336392045021,39.313869900173614,42.17556631233957
C_SOLUTION_HANDCRAFTED,score_effectiveness,10.0,False,45.389760367016294,40.18254205915663,43.30687304387243
C_SOLUTION_HANDCRAFTED,score_effectiveness,31.622776601683793,False,46.86729308028719,40.83036653200785,44.45252246097545
C_SOLUTION_HANDCRAFTED,score_effectiveness,100.0,False,48.27315683774094,41.16422814793057,45.42958536181679
C_SOLUTION_HANDCRAFTED,score_effectiveness,316.22776601683796,False,49.80954781130178,41.30720034241676,46.40860882374777
C_SOLUTION_HANDCRAFTED,score_effectiveness,1000.0,False,51.577766629297344,41.07717596160041,47.37753036221857
C_SOLUTION_HANDCRAFTED,score_factchecking,1000.0,True,6.574643490919426,20.80181990729438,12.265514057469408
C_SOLUTION_HANDCRAFTED,score_factchecking,316.22776601683796,True,7.393031106066348,20.291545232137043,12.552436756494627
C_SOLUTION_HANDCRAFTED,score_factchecking,100.0,True,8.231191208113485,19.344040552775066,12.676330945978119
C_SOLUTION_HANDCRAFTED,score_factchecking,31.622776601683793,True,9.465869277270873,18.284144083658855,12.993179199826066
C_SOLUTION_HANDCRAFTED,score_factchecking,10.0,True,10.906208152201637,17.532367918226456,13.556672058611564
C_SOLUTION_HANDCRAFTED,score_factchecking,3.1622776601683795,True,12.061562324637798,17.27381197611491,14.146462185228643
C_SOLUTION_HANDCRAFTED,score_factchecking,1.0,True,13.682626297224813,16.928922441270615,14.981144754843132
C_SOLUTION_HANDCRAFTED,score_factchecking,0.31622776601683794,True,15.670047133716185,17.066672854953342,16.22869742221105
C_SOLUTION_HANDCRAFTED,score_factchecking,0.1,True,17.9331206136675,17.385680304633247,17.7141444900538
C_SOLUTION_HANDCRAFTED,score_factchecking,0.03162277660168379,True,19.813461930004518,18.691191143459744,19.36455361538661
C_SOLUTION_HANDCRAFTED,score_factchecking,0.01,True,20.33614964271659,19.463138368394638,19.98694513298781
C_SOLUTION_HANDCRAFTED,score_factchecking,0.0031622776601683794,True,20.486459361973093,19.93876838684082,20.267382971920185
C_SOLUTION_HANDCRAFTED,score_factchecking,0.001,True,20.54734995827746,20.069952646891277,20.356391033722986
C_SOLUTION_HANDCRAFTED,score_factchecking,0.001,False,67.01944320949156,59.90616907013787,64.17413355375008
C_SOLUTION_HANDCRAFTED,score_factchecking,0.0031622776601683794,False,67.0456547007632,59.95600467258029,64.20979468949002
C_SOLUTION_HANDCRAFTED,score_factchecking,0.01,False,67.12721375209182,60.111530515882706,64.32094045760817
C_SOLUTION_HANDCRAFTED,score_factchecking,0.03162277660168379,False,68.55675849274023,60.39468500349257,65.29192909704116
C_SOLUTION_HANDCRAFTED,score_factchecking,0.1,False,69.02457545408562,61.57296943664551,66.04393304710958
C_SOLUTION_HANDCRAFTED,score_factchecking,0.31622776601683794,False,69.09385572974361,64.70261568493314,67.33735971181942
C_SOLUTION_HANDCRAFTED,score_factchecking,1.0,False,69.98578721640715,67.35401407877605,68.93307796135471
C_SOLUTION_HANDCRAFTED,score_factchecking,3.1622776601683795,False,71.63229060706807,69.10412645339966,70.62102494560071
C_SOLUTION_HANDCRAFTED,score_factchecking,10.0,False,73.64805864220234,69.72222222222223,72.0777240742103
C_SOLUTION_HANDCRAFTED,score_factchecking,31.622776601683793,False,75.91085312259732,69.72222222222223,73.43540076244727
C_SOLUTION_HANDCRAFTED,score_factchecking,100.0,False,77.70418176455284,69.72222222222223,74.5113979476206
C_SOLUTION_HANDCRAFTED,score_factchecking,316.22776601683796,False,79.30626295039903,69.72222222222223,75.47264665912832
C_SOLUTION_HANDCRAFTED,score_factchecking,1000.0,False,80.75843342471478,69.59026873939567,76.29116755058715
C_SOLUTION_HANDCRAFTED,score_logic,1000.0,True,5.560375213623047,17.068745295206707,10.163723246256511
C_SOLUTION_HANDCRAFTED,score_logic,316.22776601683796,True,6.57111984936159,16.26142141554091,10.447240475833318
C_SOLUTION_HANDCRAFTED,score_logic,100.0,True,7.5392063767162725,16.06301540798611,10.948729989224208
C_SOLUTION_HANDCRAFTED,score_logic,31.622776601683793,True,8.701367563276149,16.767907460530598,11.927983522177929
C_SOLUTION_HANDCRAFTED,score_logic,10.0,True,9.746286306808244,17.741425196329754,12.944341862616849
C_SOLUTION_HANDCRAFTED,score_logic,3.1622776601683795,True,10.548989651808098,17.900717629326714,13.489680842815545
C_SOLUTION_HANDCRAFTED,score_logic,1.0,True,11.56941052337191,16.699025260077583,13.62125641805418
C_SOLUTION_HANDCRAFTED,score_logic,0.31622776601683794,True,13.743465309712425,16.053792741563583,14.667596282452887
C_SOLUTION_HANDCRAFTED,score_logic,0.1,True,15.739574773987727,17.115015665690105,16.289751130668677
C_SOLUTION_HANDCRAFTED,score_logic,0.03162277660168379,True,16.67959913566931,18.692039277818466,17.484575192528972
C_SOLUTION_HANDCRAFTED,score_logic,0.01,True,17.159022430875407,19.491014268663193,18.091819165990522
C_SOLUTION_HANDCRAFTED,score_logic,0.0031622776601683794,True,17.39090928034996,20.190897623697918,18.510904617689143
C_SOLUTION_HANDCRAFTED,score_logic,0.001,True,17.459039261092002,20.31970320807563,18.603304839885453
C_SOLUTION_HANDCRAFTED,score_logic,0.001,False,53.98714020003134,56.33016488287184,54.92435007316754
C_SOLUTION_HANDCRAFTED,score_logic,0.0031622776601683794,False,53.996567920072756,56.362087647120156,54.94277581089172
C_SOLUTION_HANDCRAFTED,score_logic,0.01,False,54.06949035445256,56.57706536187066,55.072520357419805
C_SOLUTION_HANDCRAFTED,score_logic,0.03162277660168379,False,54.14408637160685,56.86804146236844,55.233668407911495
C_SOLUTION_HANDCRAFTED,score_logic,0.1,False,54.451793567458196,58.39874169561598,56.03057281872131
C_SOLUTION_HANDCRAFTED,score_logic,0.31622776601683794,False,54.981854876475545,59.32354864809248,56.718532385122316
C_SOLUTION_HANDCRAFTED,score_logic,1.0,False,56.495297401698664,59.908468087514244,57.8605656760249
C_SOLUTION_HANDCRAFTED,score_logic,3.1622776601683795,False,57.87724673214243,60.836086697048614,59.0607827181049
C_SOLUTION_HANDCRAFTED,score_logic,10.0,False,59.182739675934634,61.6168360180325,60.15637821277378
C_SOLUTION_HANDCRAFTED,score_logic,31.622776601683793,False,60.45064069263971,62.17961819966634,61.14223169545036
C_SOLUTION_HANDCRAFTED,score_logic,100.0,False,61.33901508530574,62.57512950897217,61.83346085477231
C_SOLUTION_HANDCRAFTED,score_logic,316.22776601683796,False,62.29391828757613,62.673680537276795,62.4458231874564
C_SOLUTION_HANDCRAFTED,score_logic,1000.0,False,63.78447127653592,62.55124440789223,63.291180529078446
C_SOLUTION_HANDCRAFTED,score_originality,1000.0,True,8.13524081102058,12.445483525594076,9.85933789684998
C_SOLUTION_HANDCRAFTED,score_originality,316.22776601683796,True,8.441042715044164,12.320952945285374,9.993006807140649
C_SOLUTION_HANDCRAFTED,score_originality,100.0,True,9.03171100901134,12.713638729519314,10.504482097214531
C_SOLUTION_HANDCRAFTED,score_originality,31.622776601683793,True,9.731110985599347,13.489363776312935,11.234412101884782
C_SOLUTION_HANDCRAFTED,score_originality,10.0,True,10.385779081885495,14.34400028652615,11.969067563741756
C_SOLUTION_HANDCRAFTED,score_originality,3.1622776601683795,True,11.058689658321551,14.767411549886068,12.542178414947358
C_SOLUTION_HANDCRAFTED,score_originality,1.0,True,11.509610104916701,15.056870566474068,12.928514289539649
C_SOLUTION_HANDCRAFTED,score_originality,0.31622776601683794,True,12.6565204449554,15.679074817233616,13.865542193866686
C_SOLUTION_HANDCRAFTED,score_originality,0.1,True,14.794414377924221,18.162248187594944,16.14154790179251
C_SOLUTION_HANDCRAFTED,score_originality,0.03162277660168379,True,17.27915453554979,20.752477433946396,18.66848369490843
C_SOLUTION_HANDCRAFTED,score_originality,0.01,True,18.509144797253963,22.139377805921768,19.961238000721085
C_SOLUTION_HANDCRAFTED,score_originality,0.0031622776601683794,True,18.954653213273232,22.594369888305664,20.410539883286205
C_SOLUTION_HANDCRAFTED,score_originality,0.001,True,19.151810944969974,22.74729601542155,20.590004973150606
C_SOLUTION_HANDCRAFTED,score_originality,0.001,False,47.29393174043342,46.94982020060221,47.156287124500935
C_SOLUTION_HANDCRAFTED,score_originality,0.0031622776601683794,False,47.29532461379891,46.96552742852105,47.16340573968776
C_SOLUTION_HANDCRAFTED,score_originality,0.01,False,47.495868355480596,47.24071113268534,47.393805466362494
C_SOLUTION_HANDCRAFTED,score_originality,0.03162277660168379,False,47.4958530006124,47.343344847361244,47.434849739311936
C_SOLUTION_HANDCRAFTED,score_originality,0.1,False,47.50727583757087,47.754340993033516,47.60610189975593
C_SOLUTION_HANDCRAFTED,score_originality,0.31622776601683794,False,47.780142328632415,47.789324601491295,47.78381523777597
C_SOLUTION_HANDCRAFTED,score_originality,1.0,False,49.562868449225356,47.60572173860338,48.78000976497657
C_SOLUTION_HANDCRAFTED,score_originality,3.1622776601683795,False,51.26610624434343,47.14019791947471,49.61574291439594
C_SOLUTION_HANDCRAFTED,score_originality,10.0,False,52.99127177871875,47.31440099080404,50.720523463552865
C_SOLUTION_HANDCRAFTED,score_originality,31.622776601683793,False,54.9151942196177,47.72507831785414,52.03914785891227
C_SOLUTION_HANDCRAFTED,score_originality,100.0,False,56.74722179903913,48.26532889737023,53.354464638371574
C_SOLUTION_HANDCRAFTED,score_originality,316.22776601683796,False,57.945998321273436,48.44444444444444,54.14537677054184
C_SOLUTION_HANDCRAFTED,score_originality,1000.0,False,58.64705679398864,48.44444444444444,54.56601185417096
