model,dataset,MAE,R2,bad_recall
EMBEDDINGS_RIDGE_C_SOLUTION_HANDCRAFTED,EXTERNAL_LOW_QUALITY_TEST,8.5672,0.4329,0.7647
RIDGE_FINAL_BASELINE,EXTERNAL_LOW_QUALITY_TEST,9.2717,0.4149,0.7059
EMBEDDINGS_CATBOOST_C_SOLUTION_HANDCRAFTED,EXTERNAL_LOW_QUALITY_TEST,9.4372,0.3724,0.8235
EMBEDDINGS_CATBOOST_C_SOLUTION_HANDCRAFTED,REAL_TEST,3.161,0.1157,
RIDGE_FINAL_BASELINE,REAL_TEST,3.3863,-0.095,
EMBEDDINGS_RIDGE_C_SOLUTION_HANDCRAFTED,REAL_TEST,5.5908,-1.7918,
RIDGE_FINAL_BASELINE,STRESS_TEST,10.1512,0.4486,0.9048
EMBEDDINGS_RIDGE_C_SOLUTION_HANDCRAFTED,STRESS_TEST,11.3119,0.2751,0.8095
EMBEDDINGS_CATBOOST_C_SOLUTION_HANDCRAFTED,STRESS_TEST,12.3595,0.216,0.8095
